I306112,password0,1
I306113,password1,2
I306214,password2,3
I306153,password3,4
I306202,password4,5
I306126,password5,6
I306114,password6,7
I306184,password7,8
I306115,password8,9
I306111,password9,10
I306121,password10,11
I306122,password11,12
I306123,password12,13
I306125,password13,14
I306196,password14,15
I306155,password15,16
I306810,password16,17
I306205,password17,18
I306152,password18,19
I306194,password19,20
I306182,password20,21
I306230,password21,22
I306163,password22,23
I306862,password23,24
I306866,password24,25
I306859,password25,26
I306865,password26,27
I306863,password27,28
I306698,password28,29
I306699,password29,30
D057908,amit1986,31
